idx,image,start_s,dur_s,transition,blur,intro,outro,kb_s0,kb_s1,kb_x0,kb_x1,kb_y0,kb_y1
1,hinh-nen-truy-kich-CrossFire-15.jpg,0.000,9.800,dissolve-ii,3,fade-in,,0.789622,0.899676,0.000000,0.000000,0.000000,0.000000
2,hinh-nen-ahri-dep-26.jpg,9.800,16.400,whirlpool,3,,,0.842943,0.842943,-0.085903,0.085903,0.000000,0.000000
3,hinh_nen_phong_canh (277).jpg,26.200,8.300,blur,3,,,0.744087,0.876139,-0.067779,0.067779,-0.067779,0.067779
4,hinh-nen-cf-dep-11.jpg,34.500,13.400,black-fade,3,,,0.821340,0.724774,0.145515,-0.145515,-0.145515,0.145515
5,4.jpg,47.900,13.000,shutter,3,,,0.771423,0.885065,0.072124,-0.072124,0.072124,-0.072124
6,25.jpg,60.900,10.800,glitch,3,,,0.862770,0.862770,0.000000,0.000000,-0.088494,0.088494
7,hinh-anh-lien-quan-16.jpg,71.700,9.800,page-turning,3,,,0.760807,0.900665,-0.074313,0.074313,0.079536,-0.079536
8,hinh-anh-miss-fortune-8.jpg,81.500,7.500,shutter,3,,,0.817463,0.731619,0.000000,0.000000,0.000000,0.000000
9,hinh-anh-nen-hd-tuong-lol-cam-dao-cuc-dep_034644349.jpg,89.000,10.800,shutter,3,,,0.739251,0.873210,0.000000,0.000000,0.000000,0.000000
10,5.png,99.800,11.700,flip-ii,3,,,0.779572,0.779572,-0.168383,0.168383,0.000000,0.000000
11,hinh-anh-miss-fortune-40.jpg,111.500,12.700,black-fade,3,,,0.734352,0.851094,-0.069531,0.069531,-0.069531,0.069531
12,33.jpg,124.200,15.100,split,3,,,0.871812,0.789902,0.091858,-0.091858,-0.091858,0.091858
13,hinh-nen-anime-attack-on-titan-cuc-dep_011945276.jpg,139.300,15.500,whirlpool,3,,,0.792924,0.912652,0.071157,-0.071157,0.071157,-0.071157
14,8.jpg,154.800,9.500,whirlpool,3,,,0.723772,0.723772,0.000000,0.000000,-0.159130,0.159130
15,hinh-nen-4k-khi-cau-scaled.jpg,164.300,13.100,flip-ii,3,,,0.763648,0.871262,-0.092163,0.092163,0.092163,-0.092163
16,43.jpg,177.400,10.000,whirlpool,3,,,0.839127,0.762307,0.000000,0.000000,0.000000,0.000000
17,hinh-nen-ahri-dep-17.jpg,187.400,15.900,flip-ii,3,,,0.820431,0.882288,0.000000,0.000000,0.000000,0.000000
18,hinh-nen-cf-dep-19.jpg,203.300,7.400,whirlpool,3,,,0.805191,0.805191,-0.163421,0.163421,0.000000,0.000000
19,hinh-nen-game-cao-boi_061015483.jpg,210.700,8.800,black-fade,3,,,0.792384,0.894849,-0.077205,0.077205,-0.077205,0.077205
20,hinh-nen-games-11.jpg,219.500,16.900,blur,3,,,0.855582,0.767969,0.096289,-0.096289,-0.096289,0.096289
21,hinh-nen-game-mo-phong_061017671.jpg,236.400,10.400,blur,3,,,0.750687,0.813710,0.085868,-0.085868,0.085868,-0.085868
22,hinh-anh-xin-zhao-25.jpg,246.800,14.800,dissolve-ii,3,,,0.829859,0.829859,0.000000,0.000000,-0.105401,0.105401
23,37.png,261.600,10.600,black-fade,3,,,0.788901,0.895288,-0.052356,0.052356,0.052356,-0.052356
24,hinh-anh-lien-quan-30.jpg,272.200,8.200,dissolve-ii,3,,,0.894509,0.801455,0.000000,0.000000,0.000000,0.000000
25,hinh-nen-game-doc-dao_061016108.jpg,280.400,9.000,whirlpool,3,,,0.782476,0.867237,0.000000,0.000000,0.000000,0.000000
26,hinh-nen-anime-dep_092518782.jpg,289.400,13.000,dissolve,3,,,0.750792,0.750792,-0.208737,0.208737,0.000000,0.000000
27,0106_hinh-nen-4k-may-tinh12-scaled.jpg,302.400,16.600,shutter,3,,,0.721556,0.850007,-0.085642,0.085642,-0.085642,0.085642
28,hinh-anh-xin-zhao-4.jpg,319.000,8.800,dissolve,3,,,0.817459,0.736396,0.151475,-0.151475,-0.151475,0.151475
29,hinh-nen-games-2.jpg,327.800,9.700,whirlpool,3,,,0.771708,0.839513,0.080107,-0.080107,0.080107,-0.080107
30,hinh-anh-xin-zhao-23.jpg,337.500,7.800,glitch,3,,,0.810798,0.810798,0.000000,0.000000,-0.120698,0.120698
31,41.jpg,345.300,15.100,gradient-wipe,3,,,0.807661,0.912526,-0.065560,0.065560,0.070862,-0.070862
32,hinh-nen-hd-cuc-dep-hai-sat-thu_034654693.jpg,360.400,13.900,glitch,3,,,0.873043,0.765540,0.000000,0.000000,0.000000,0.000000
33,hinh-anh-xin-zhao-34.jpg,374.300,13.400,gradient-wipe,3,,,0.738063,0.857321,0.000000,0.000000,0.000000,0.000000
34,hinh-nen-truy-kich-CrossFire-4.jpg,387.700,12.500,split,3,,,0.813191,0.813191,-0.095401,0.095401,0.000000,0.000000
35,hinh-anh-miss-fortune-28.jpg,400.200,15.500,glitch,3,,,0.794711,0.917334,-0.058865,0.058865,-0.058865,0.058865
36,hinh-nen-truy-kich-CrossFire-11.jpg,415.700,12.400,blur,3,,,0.844024,0.761380,0.103856,-0.103856,-0.103856,0.103856
37,hinh-nen-ahri-dep-30.jpg,428.100,10.500,whirlpool,3,,,0.784269,0.858570,0.117960,-0.117960,0.117960,-0.117960
38,hinh-nen-ashe-dep-2.jpg,438.600,15.900,whirlpool,3,,,0.821805,0.821805,0.000000,0.000000,-0.132174,0.132174
39,hinh-anh-xin-zhao-5.jpg,454.500,15.400,flip-ii,3,,,0.764433,0.874363,-0.084382,0.084382,0.084669,-0.084669
40,hinh-nen-thien-nhien-dep-va-an-tuong-nhat_014903285.jpg,469.900,8.600,blur,3,,,0.856741,0.733697,0.000000,0.000000,0.000000,0.000000
41,hinh-anh-nen-hd-cuc-dep-tuong-lol_034643271.jpg,478.500,12.900,gradient-wipe,3,,,0.770276,0.904744,0.000000,0.000000,0.000000,0.000000
42,hinh-nen-cf-dep-14.png,491.400,12.000,dissolve-ii,3,,,0.890436,0.890436,-0.082732,0.082732,0.000000,0.000000
43,21d85066ec8c88f50fbd57c109c367ce.jpg,503.400,15.200,shutter,3,,,0.733552,0.822682,-0.121292,0.121292,-0.121292,0.121292
44,hinh-anh-miss-fortune-46.jpg,518.600,10.000,blur,3,,,0.909063,0.806983,0.042863,-0.042863,-0.042863,0.042863
45,9.jpeg,528.600,9.100,split,3,,,0.810611,0.892710,0.077208,-0.077208,0.077208,-0.077208
46,hinhnenseraphinewallpaper25f5c33e1c546e_5a6fbd471f593723fda6bf4193c1bce9.jpg,537.700,11.400,dissolve-ii,3,,,0.799002,0.799002,0.000000,0.000000,-0.148723,0.148723
47,hinh-nen-dragon-ball-va-rong-than_111010600.jpg,549.100,9.900,split,3,,,0.745396,0.826607,-0.137494,0.137494,0.137494,-0.137494
48,hinh-anh-miss-fortune-22.jpg,559.000,7.600,page-turning,3,,,0.848661,0.773789,0.000000,0.000000,0.000000,0.000000
49,hinh-nen-ahri-dep-10.jpg,566.600,16.400,split,3,,,0.829429,0.891416,0.000000,0.000000,0.000000,0.000000
50,hinh-nen-4k-rong-bay.jpg,583.000,16.500,dissolve,3,,,0.725889,0.725889,-0.158769,0.158769,0.000000,0.000000
51,wallpaper-4k-hinh-nen-4k-o-to-mau-xanh-cuc-dep_100016725.jpg,599.500,15.800,gradient-wipe,3,,,0.760818,0.882831,-0.076900,0.076900,-0.076900,0.076900
52,hinh-anh-lien-quan-66.jpg,615.300,10.900,split,3,,,0.853680,0.738155,0.108518,-0.108518,-0.113426,0.113426
53,hinh-nen-cuc-dep-dragon-ball_111002600.jpg,626.200,12.700,shutter,3,,,0.744107,0.829836,0.142693,-0.142693,0.142693,-0.142693
54,hinh-anh-lien-quan-17.jpg,638.900,8.100,gradient-wipe,3,,,0.804572,0.804572,0.000000,0.000000,-0.099372,0.099372
55,hinh-nen-cf-dep-7.jpg,647.000,10.600,dissolve-ii,3,,,0.786295,0.853756,-0.115961,0.115961,0.115961,-0.115961
56,thumb-1920-1096459.jpg,657.600,10.000,glitch,3,,,0.887203,0.802732,0.000000,0.000000,0.000000,0.000000
57,hinh-nen-anime-ngau_092518954.jpg,667.600,12.900,black-fade,3,,,0.739875,0.823128,0.000000,0.000000,0.000000,0.000000
58,hinh-anh-miss-fortune-26.jpg,680.500,16.700,dissolve,3,,,0.761048,0.761048,-0.139013,0.139013,0.000000,0.000000
59,top-khach-san-tot-nhat-sapa-2.jpg,697.200,15.200,shutter,3,,,0.773116,0.891139,-0.086043,0.086043,-0.086043,0.086043
60,408071404890306a25a4f0ce8a1caf0e.jpg,712.400,15.500,flip-ii,3,,,0.871899,0.743531,0.086789,-0.086789,-0.086789,0.086789
61,nhung-hinh-nen-thien-nhien-mua-thu-cuc-dep_014904597.jpg,727.900,12.300,dissolve-ii,3,,,0.787971,0.865340,0.067565,-0.067565,0.067565,-0.067565
62,hinh-anh-miss-fortune-9.jpg,740.200,10.800,gradient-wipe,3,,,0.724610,0.724610,0.000000,0.000000,-0.157140,0.157140
63,hinh-anh-lien-quan-42.jpg,751.000,7.800,dissolve-ii,3,,,0.805226,0.884684,-0.066064,0.066064,0.069993,-0.069993
64,hinh-nen-pubg-dep-20.jpg,758.800,8.600,blur,3,,,0.901449,0.823880,0.000000,0.000000,0.000000,0.000000
65,hinh-nen-truy-kich-CrossFire-5.jpg,767.400,11.700,gradient-wipe,3,,,0.764561,0.824810,0.000000,0.000000,0.000000,0.000000
66,hinh-anh-nen-hd-tuong-lol-debut-lam-idol_034646599.jpg,779.100,12.100,dissolve-ii,3,,,0.890348,0.890348,-0.091501,0.091501,0.000000,0.000000
67,hinh-nen-de-thuong-anime_092519251.jpg,791.200,11.300,glitch,3,,,0.758148,0.885151,-0.092662,0.092662,-0.092662,0.092662
68,27.jpg,802.500,10.300,split,3,,,0.862623,0.782307,0.092480,-0.092480,-0.092480,0.092480
69,1.jpg,812.800,9.200,black-fade,3,,,0.776652,0.915532,0.055120,-0.055120,0.055120,-0.055120
70,hinh-anh-miss-fortune-13.jpg,822.000,13.700,shutter,3,,,0.876730,0.876730,0.000000,0.000000,-0.056450,0.056450
71,hinh-anh-xin-zhao-16.jpg,835.700,16.900,glitch,3,,,0.832984,0.911217,-0.057456,0.057456,0.057456,-0.057456
72,hinh-nen-thien-nhien-phong-canh-dep-nhat_014904113.jpg,852.600,16.400,dissolve-ii,3,,,0.890566,0.800274,0.000000,0.000000,0.000000,0.000000
73,49.jpeg,869.000,16.100,glitch,3,,,0.825029,0.918016,0.000000,0.000000,0.000000,0.000000
74,f669558bcc45482bf7f1dd2b0d74388c.jpg,885.100,8.300,gradient-wipe,3,,,0.882848,0.882848,-0.066327,0.066327,0.000000,0.000000
75,hinh-nen-pubg-dep-13.jpg,893.400,10.600,page-turning,3,,,0.811947,0.901256,-0.073880,0.073880,-0.073880,0.073880
76,hinh-nen-game-chien-thuat_061015530.jpg,904.000,14.000,dissolve,3,,,0.916799,0.785014,0.065970,-0.065970,-0.065970,0.065970
77,hinh-nen-ahri-dep-18.jpg,918.000,16.200,split,3,,,0.779053,0.859282,0.095291,-0.095291,0.095291,-0.095291
78,50.jpg,934.200,9.700,flip-ii,3,,,0.910640,0.910640,0.000000,0.000000,-0.047092,0.047092
79,hinh-anh-xin-zhao-1.jpg,943.900,13.000,split,3,,,0.799617,0.902507,-0.072588,0.072588,0.072588,-0.072588
80,hinh-nen-game-2k_061013530.jpg,956.900,8.300,whirlpool,3,,,0.909994,0.773059,0.000000,0.000000,0.000000,0.000000
81,hinh_nen_phong_canh (303).jpg,965.200,10.300,dissolve,3,,,0.747088,0.855738,0.000000,0.000000,0.000000,0.000000
82,0106_hinh-nen-4k-may-tinh14-scaled.jpg,975.500,15.300,split,3,,,0.900473,0.900473,-0.080428,0.080428,0.000000,0.000000
83,hinh-nen-pubg-dep-9.jpg,990.800,8.900,dissolve,3,,,0.724272,0.844602,-0.081317,0.081317,-0.081317,0.081317
84,hinh-nen-pubg-dep-7.jpg,999.700,11.900,flip-ii,3,,,0.885483,0.773316,0.055697,-0.055697,-0.055697,0.055697
85,hinh-nen-game-ngau_061017733.jpg,1011.600,7.500,gradient-wipe,3,,,0.784790,0.912563,0.049911,-0.049911,0.049911,-0.049911
86,hinh-anh-lien-quan-55.jpg,1019.100,7.700,whirlpool,3,,,0.808850,0.808850,0.000000,0.000000,-0.156807,0.156807
87,hinh-nen-cf-dep-5.jpg,1026.800,7.600,page-turning,3,,,0.771573,0.907136,-0.060140,0.060140,0.060140,-0.060140
88,hinh-anh-xin-zhao-13.jpg,1034.400,8.500,flip-ii,3,,,0.910176,0.821826,0.000000,0.000000,0.000000,0.000000
89,ngam-phong-canh-thien-nhien-dep-me-hon-khap-the-gioi_085326540.jpg,1042.900,10.600,flip-ii,3,,,0.794899,0.871648,0.000000,0.000000,0.000000,0.000000
90,hinh-nen-ahri-dep-8.jpg,1053.500,8.600,shutter,3,,,0.819460,0.819460,-0.129339,0.129339,0.000000,0.000000
91,0106_hinh-nen-4k-may-tinh17-scaled.jpg,1062.100,16.500,whirlpool,3,,,0.740116,0.840049,-0.096723,0.096723,-0.096723,0.096723
92,0106_hinh-nen-4k-may-tinh11-scaled.jpg,1078.600,10.500,dissolve-ii,3,,,0.864322,0.757479,0.082933,-0.082933,-0.082933,0.082933
93,ho-xanh-thac-trang-voi-thien-nhien-xanh-muot_085326165.jpg,1089.100,12.000,dissolve,3,,,0.778040,0.889067,0.090676,-0.090676,0.090676,-0.090676
94,hinh-nen-thien-nhien-nui-rung-hung-vi_105624213.jpeg,1101.100,13.700,dissolve-ii,3,,,0.798794,0.798794,0.000000,0.000000,-0.159507,0.159507
95,hinh-nen-thien-nhien-mua-thu-cuc-dep_014903504.jpg,1114.800,12.500,gradient-wipe,3,,,0.769896,0.909817,-0.068183,0.068183,0.068183,-0.068183
96,hinh-nen-game-fps_061017202.jpg,1127.300,7.900,blur,3,,,0.818940,0.729392,0.000000,0.000000,0.000000,0.000000
97,hinh-anh-miss-fortune-38.jpg,1135.200,10.900,glitch,3,,,0.793056,0.857137,0.000000,0.000000,0.000000,0.000000
98,hinh-nen-dragon-ball-cuc-ky-dep_111004288.jpg,1146.100,10.700,dissolve-ii,3,,,0.734035,0.734035,-0.142536,0.142536,0.000000,0.000000
99,hinh-nen-ashe-dep-4.jpg,1156.800,13.200,glitch,3,,,0.723229,0.858860,-0.095447,0.095447,-0.095447,0.095447
100,aa89a1de897f0f27a7431d4b65f379f9.jpg,1170.000,8.200,whirlpool,3,,,0.864043,0.782061,0.111502,-0.111502,-0.111502,0.111502
101,hinh-nen-ashe-dep-15.jpg,1178.200,7.500,whirlpool,3,,,0.775708,0.903988,0.068908,-0.068908,0.068908,-0.068908
102,13.jpg,1185.700,8.700,split,3,,,0.737575,0.737575,0.000000,0.000000,-0.207936,0.207936
103,hinh-anh-lien-quan-21.jpg,1194.400,11.900,flip-ii,3,,,0.757657,0.884356,-0.052554,0.052554,0.055669,-0.055669
104,tai-hinh-nen-thien-nhien-dep_014905660.jpg,1206.300,14.200,dissolve,3,,,0.911599,0.815418,0.000000,0.000000,0.000000,0.000000
105,hinh-nen-truy-kich-CrossFire-14.jpg,1220.500,7.700,black-fade,3,,,0.732192,0.869033,0.000000,0.000000,0.000000,0.000000
106,hinh-nen-windows-anime_092519798.jpg,1228.200,13.400,split,3,,,0.863683,0.863683,-0.082761,0.082761,0.000000,0.000000
107,hinh-nen-ashe-dep-1.png,1241.600,12.300,split,3,,,0.804652,0.888973,-0.058938,0.058938,-0.058938,0.058938
108,tong-hop-hinh-anh-thien-nhien-tho-mong-dep-nhat_014905754.jpg,1253.900,10.600,black-fade,3,,,0.919075,0.851994,0.068512,-0.068512,-0.068512,0.068512
109,hinh-nen-games-12.jpg,1264.500,14.000,blur,3,,,0.725115,0.834084,0.140789,-0.140789,0.140789,-0.140789
110,hinh-anh-xin-zhao-7.jpg,1278.500,9.000,black-fade,3,,,0.851955,0.851955,0.000000,0.000000,-0.117341,0.117341
111,hinh-nen-ashe-dep-24.jpg,1287.500,12.200,flip-ii,3,,,0.817387,0.893208,-0.066587,0.066587,0.066587,-0.066587
112,hinh-nen-games-17.jpg,1299.700,8.500,glitch,3,,,0.899117,0.763389,0.000000,0.000000,0.000000,0.000000
113,hinh-nen-hacker-viet_013826923.jpg,1308.200,12.600,gradient-wipe,3,,,0.830704,0.912583,0.000000,0.000000,0.000000,0.000000
114,0106_hinh-nen-4k-may-tinh10-scaled.jpg,1320.800,9.600,flip-ii,3,,,0.741906,0.741906,-0.135550,0.135550,0.000000,0.000000
115,hinh-anh-miss-fortune-36.jpg,1330.400,12.000,whirlpool,3,,,0.723016,0.860273,-0.079872,0.079872,-0.079872,0.079872
116,hinh-nen-game-dep_061016014.jpg,1342.400,12.100,dissolve-ii,3,,,0.877167,0.749144,0.101835,-0.101835,-0.101835,0.101835
117,hinh-nen-ahri-dep-15.jpg,1354.500,9.900,page-turning,3,,,0.757489,0.845518,0.126698,-0.126698,0.126698,-0.126698
118,hinhnenseraphinewallpaper35f5c33df995ea_2a02ada89935a38ebffa2517df0dda1a.jpg,1364.400,8.900,glitch,3,,,0.769999,0.769999,0.000000,0.000000,-0.162446,0.162446
119,hinh-nen-ahri-dep-27.jpg,1373.300,13.700,blur,3,,,0.729181,0.847475,-0.091657,0.091657,0.091657,-0.091657
120,hinh-nen-pubg-dep-1.png,1387.000,14.200,black-fade,3,,,0.866357,0.730390,0.000000,0.000000,0.000000,0.000000
121,anh-nen-game-4k-tay-sung-840x473.jpg,1401.200,10.800,black-fade,3,,,0.728415,0.846889,0.000000,0.000000,0.000000,0.000000
122,3.jpg,1412.000,14.200,flip-ii,3,,,0.887503,0.887503,-0.092944,0.092944,0.000000,0.000000
123,hinh-nen-ashe-dep-18.jpg,1426.200,9.900,glitch,3,,,0.751548,0.843631,-0.118882,0.118882,-0.123854,0.123854
124,dubay-obedinennye-arabskie-emiraty-gorod-nlon-_2048x1134-800-resize.jpg,1436.100,8.800,split,3,,,0.824763,0.727644,0.128565,-0.128565,-0.133256,0.133256
125,hinh-nen-ashe-dep-27.jpg,1444.900,10.200,flip-ii,3,,,0.720481,0.855911,0.073818,-0.073818,0.073818,-0.073818
126,45.jpg,1455.100,9.600,shutter,3,,,0.821134,0.821134,0.000000,0.000000,-0.125494,0.125494
127,9fb3ede2bf770898b8cac6be2d53063a.jpg,1464.700,9.100,black-fade,3,,,0.734493,0.822545,-0.081469,0.081469,0.081469,-0.081469
128,Sieu cong nghe.jpg,1473.800,15.000,dissolve-ii,3,,,0.872895,0.740262,0.000000,0.000000,0.000000,0.000000
129,hinh-anh-miss-fortune-1.jpg,1488.800,10.300,dissolve-ii,3,,,0.732868,0.819456,0.000000,0.000000,0.000000,0.000000
130,0106_hinh-nen-4k-may-tinh2-scaled.jpg,1499.100,10.900,blur,3,,,0.732841,0.732841,-0.160591,0.160591,0.000000,0.000000
131,hinh-nen-ashe-dep-3.jpg,1510.000,11.100,page-turning,3,,,0.782996,0.858207,-0.065238,0.065238,-0.068299,0.068299
132,35507a10dcc417cd6d677bcaa1728339.jpg,1521.100,16.700,black-fade,3,,,0.891953,0.807361,0.081361,-0.081361,-0.081361,0.081361
133,hinh-nen-ashe-dep-23.jpg,1537.800,9.300,gradient-wipe,3,,,0.800941,0.872963,0.062990,-0.062990,0.062990,-0.062990
134,hinh-nen-pubg-dep-11.jpg,1547.100,12.400,split,3,,,0.821609,0.821609,0.000000,0.000000,-0.085632,0.085632
135,hinh-nen-truy-kich-CrossFire-12.jpg,1559.500,12.900,glitch,3,,,0.781443,0.850647,-0.123747,0.123747,0.123747,-0.123747
136,hinh-nen-hacker-mu-den_013826845.jpg,1572.400,11.600,dissolve,3,,,0.887660,0.785928,0.000000,0.000000,0.000000,0.000000
137,hinh-nen-ashe-dep-2.png,1584.000,10.300,split,3,,,0.802557,0.903384,0.000000,0.000000,0.000000,0.000000
138,hinh-anh-lien-quan-54.jpg,1594.300,13.200,glitch,3,,,0.906882,0.906882,-0.046246,0.046246,0.000000,0.000000
139,hinh-anh-miss-fortune-4.jpg,1607.500,13.700,flip-ii,3,,,0.761151,0.896481,-0.087803,0.087803,-0.087803,0.087803
140,hinh-nen-truy-kich-CrossFire-16.jpg,1621.200,13.300,dissolve,3,,,0.864526,0.775570,0.111671,-0.111671,-0.111671,0.111671
141,hinh-anh-miss-fortune-21.jpg,1634.500,11.900,split,3,,,0.762738,0.834320,0.093253,-0.093253,0.093253,-0.093253
142,nhung-hinh-nen-thien-nhien-doc-dao-va-moi-la-dep-nhat_014904472.jpg,1646.400,11.800,black-fade,3,,,0.735198,0.735198,0.000000,0.000000,-0.186396,0.186396
143,hinh-nen-ahri-dep-37.jpg,1658.200,12.800,gradient-wipe,3,,,0.721514,0.852998,-0.093873,0.093873,0.093873,-0.093873
144,hinh-anh-miss-fortune-19.jpg,1671.000,11.200,split,3,,,0.807144,0.733211,0.000000,0.000000,0.000000,0.000000
145,32.jpg,1682.200,9.700,flip-ii,3,,,0.817815,0.880296,0.000000,0.000000,0.000000,0.000000
146,25.jpeg,1691.900,7.800,shutter,3,,,0.753932,0.753932,-0.173993,0.173993,0.000000,0.000000
147,hinh-nen-hacker-dep_013826751.jpg,1699.700,12.800,gradient-wipe,3,,,0.816943,0.889488,-0.061425,0.061425,-0.061425,0.061425
148,phong-canh-thien-nhien-ben-ho-tuyet-dep_085326697.jpg,1712.500,15.800,dissolve,3,,,0.830174,0.729456,0.096076,-0.096076,-0.096076,0.096076
149,hinh_nen_phong_canh (228).jpg,1728.300,8.900,shutter,3,,,0.734920,0.869157,0.088804,-0.088804,0.088804,-0.088804
150,16.png,1737.200,12.300,shutter,3,,,0.859066,0.859066,0.000000,0.000000,-0.095028,0.095028
151,hinh-nen-dien-thoai-thanh-pho-ve-dem-4.jpg,1749.500,11.800,shutter,3,,,0.810843,0.879645,-0.062169,0.062169,0.062169,-0.062169
152,tong-hop-nhung-anh-nen-thien-nhien-dep-nhat-ve-may-dien-thoa_g7QNT_014905863.jpg,1761.300,9.200,shutter,3,,,0.824967,0.763178,0.000000,0.000000,0.000000,0.000000
153,hinh-anh-lien-quan-65.jpg,1770.500,14.600,glitch,3,,,0.745553,0.855204,0.000000,0.000000,0.000000,0.000000
154,7c62e039c02ceb746c523bad4b4b5cd8.jpg,1785.100,9.200,dissolve,3,,,0.916354,0.916354,-0.056604,0.056604,0.000000,0.000000
155,14.jpg,1794.300,15.700,gradient-wipe,3,,,0.790020,0.857330,-0.071472,0.071472,-0.071472,0.071472
156,21.jpg,1810.000,16.400,glitch,3,,,0.919883,0.815280,0.057898,-0.057898,-0.063051,0.063051
157,hinh-anh-miss-fortune-41.jpg,1826.400,14.500,split,3,,,0.750852,0.890774,0.081519,-0.081519,0.081519,-0.081519
158,mua-thu-la-phong-ben-cay-cau-go-la-phong-canh-thien-nhien-ra_Fua76_085326259.jpg,1840.900,14.500,split,3,,,0.895655,0.895655,0.000000,0.000000,-0.082557,0.082557
159,hinh-nen-hd-cuc-chat-tuong-lol-cam-dao_034654208.jpg,1855.400,9.500,glitch,3,,,0.723969,0.825564,-0.104186,0.104186,0.104186,-0.104186
160,hinh-anh-miss-fortune-42.jpg,1864.900,11.300,dissolve,3,,,0.891030,0.801050,0.000000,0.000000,0.000000,0.000000
161,9.jpg,1876.200,11.100,whirlpool,3,,,0.760156,0.864676,0.000000,0.000000,0.000000,0.000000
162,hinh-nen-ashe-dep-21.jpg,1887.300,8.300,blur,3,,,0.868547,0.868547,-0.107551,0.107551,0.000000,0.000000
163,hinh-anh-miss-fortune-20.jpg,1895.600,12.200,shutter,3,,,0.751417,0.861037,-0.068463,0.068463,-0.068463,0.068463
164,hinh-nen-ashe-dep-5.jpg,1907.800,11.400,flip-ii,3,,,0.866002,0.742290,0.093853,-0.093853,-0.093853,0.093853
165,e919dc99f06905c0ddcba7b903a8189d.jpg,1919.200,14.700,blur,3,,,0.735221,0.839528,0.091128,-0.091128,0.091128,-0.091128
166,35.jpg,1933.900,14.600,page-turning,3,,,0.918705,0.918705,0.000000,0.000000,-0.062764,0.062764
167,hinh-nen-thien-nhien-tho-mong_105624369.jpeg,1948.500,12.800,gradient-wipe,3,,,0.789000,0.913426,-0.040549,0.040549,0.040549,-0.040549
168,OSPic8.jpg,1961.300,11.000,page-turning,3,,,0.881568,0.804996,0.000000,0.000000,0.000000,0.000000
169,hinh-anh-xin-zhao-2.jpg,1972.300,7.900,flip-ii,3,,,0.791491,0.898455,0.000000,0.000000,0.000000,0.000000
170,11a6f06bdb56641c8651601e2809fd9d.jpg,1980.200,12.700,glitch,3,,,0.745219,0.745219,-0.125212,0.125212,0.000000,0.000000
171,hinh-nen-cf-dep-9.jpg,1992.900,13.900,flip-ii,3,,,0.749915,0.812572,-0.144975,0.144975,-0.144975,0.144975
172,22.jpg,2006.800,10.200,dissolve-ii,3,,,0.865818,0.800731,0.083047,-0.083047,-0.083047,0.083047
173,hinh-nen-cf-dep-2 (1).jpg,2017.000,12.000,whirlpool,3,,,0.785449,0.890635,0.091661,-0.091661,0.091661,-0.091661
174,hinh-nen-ahri-dep-38.jpg,2029.000,8.400,shutter,3,,,0.907964,0.907964,0.000000,0.000000,-0.060260,0.060260
175,hinh-anh-miss-fortune-16.jpg,2037.400,13.900,split,3,,,0.750758,0.848749,-0.075824,0.075824,0.075824,-0.075824
176,top-khach-san-tot-nhat-sapa-5.jpg,2051.300,13.800,shutter,3,,,0.860091,0.758018,0.000000,0.000000,0.000000,0.000000
177,hinh-anh-lien-quan-27.jpg,2065.100,14.400,glitch,3,,,0.731473,0.867800,0.000000,0.000000,0.000000,0.000000
178,hinh-nen-pubg-dep-19.jpg,2079.500,14.400,black-fade,3,,,0.850693,0.850693,-0.068126,0.068126,0.000000,0.000000
179,0106_hinh-nen-4k-may-tinh19-1-scaled.jpg,2093.900,15.100,black-fade,3,,,0.786317,0.891355,-0.061514,0.061514,-0.061514,0.061514
180,hinh-anh-xin-zhao-26.jpg,2109.000,10.100,shutter,3,,,0.918179,0.783808,0.068482,-0.068482,-0.068482,0.068482
181,hinh-nen-games-15.jpg,2119.100,8.700,glitch,3,,,0.783668,0.908251,0.051202,-0.051202,0.051202,-0.051202
182,hinh-nen-game-pc_061017796.jpg,2127.800,16.200,flip-ii,3,,,0.774595,0.774595,0.000000,0.000000,-0.171303,0.171303
183,hinh-anh-miss-fortune-27.jpg,2144.000,14.700,glitch,3,,,0.755112,0.871492,-0.058660,0.058660,0.058660,-0.058660
184,595222c8a69e47be08e13b23c17f7f51.jpg,2158.700,12.200,shutter,3,,,0.811348,0.724306,0.000000,0.000000,0.000000,0.000000
185,hinh-nen-truy-kich-CrossFire-7.jpg,2170.900,9.400,page-turning,3,,,0.751581,0.866499,0.000000,0.000000,0.000000,0.000000
186,hinh-nen-pubg-dep-29.jpg,2180.300,10.300,whirlpool,3,,,0.892980,0.892980,-0.071985,0.071985,0.000000,0.000000
187,hinh-anh-lien-quan-22.jpg,2190.600,12.700,dissolve,3,,,0.761186,0.884532,-0.072296,0.072296,-0.076589,0.076589
188,hinh-nen-games-18.jpg,2203.300,16.800,shutter,3,,,0.857061,0.741011,0.119148,-0.119148,-0.119148,0.119148
189,11.jpg,2220.100,11.900,dissolve-ii,3,,,0.787051,0.886222,0.069003,-0.069003,0.069003,-0.069003
190,hinh-anh-nen-hd-tuong-lol-dep_034647537.jpg,2232.000,9.500,whirlpool,3,,,0.889551,0.889551,0.000000,0.000000,-0.085397,0.085397
191,hinh-anh-lien-quan-49.jpg,2241.500,11.800,split,3,,,0.816337,0.919975,-0.043252,0.043252,0.047106,-0.047106
192,hinh-nen-game-valorant_061018264.jpg,2253.300,16.600,black-fade,3,,,0.854942,0.768964,0.000000,0.000000,0.000000,0.000000
193,hinh-nen-game-cuc-ngau_061015577.jpg,2269.900,10.100,flip-ii,3,,,0.773420,0.854652,0.000000,0.000000,0.000000,0.000000
194,hinh-nen-pubg-dep-15.jpg,2280.000,12.600,glitch,3,,,0.763101,0.763101,-0.194875,0.194875,0.000000,0.000000
195,hinh-nen-truy-kich-CrossFire-17.jpg,2292.600,14.200,glitch,3,,,0.724049,0.788342,-0.160096,0.160096,-0.160387,0.160387
196,09f4619ee3d4348fc21d3e377ee9f725.jpg,2306.800,11.900,split,3,,,0.831340,0.730991,0.124465,-0.124465,-0.124465,0.124465
197,hinh-anh-lien-quan-64.jpg,2318.700,9.600,dissolve,3,,,0.739503,0.876256,0.063202,-0.063202,0.066671,-0.066671
198,12.jpg,2328.300,15.100,glitch,3,,,0.872479,0.872479,0.000000,0.000000,-0.070344,0.070344
199,hinh-anh-lien-quan-29.jpg,2343.400,10.700,glitch,3,,,0.753548,0.826898,-0.115922,0.115922,0.120215,-0.120215
200,hinh-nen-pubg-dep-14.jpg,2354.100,13.000,flip-ii,3,,,0.878475,0.763349,0.000000,0.000000,0.000000,0.000000
201,hinh-nen-ashe-dep-22.jpg,2367.100,13.400,whirlpool,3,,,0.758958,0.835194,0.000000,0.000000,0.000000,0.000000
202,hinh-nen-game-full-hd_061017467.jpg,2380.500,11.700,split,3,,,0.840588,0.840588,-0.128143,0.128143,0.000000,0.000000
203,hinh-anh-lien-quan-2.jpg,2392.200,8.100,gradient-wipe,3,,,0.768940,0.900633,-0.062229,0.062229,-0.066602,0.066602
204,hinh-anh-lien-quan-63.jpg,2400.300,16.900,black-fade,3,,,0.895543,0.776138,0.057215,-0.057215,-0.061018,0.061018
205,b91f24fbc34e8a94323d081cdc40b433.jpg,2417.200,10.500,glitch,3,,,0.788697,0.910376,0.042251,-0.042251,0.042251,-0.042251
206,0106_hinh-nen-4k-may-tinh15-scaled.jpg,2427.700,15.700,split,3,,,0.737942,0.737942,0.000000,0.000000,-0.138562,0.138562
207,hinh-anh-lien-quan-1.jpg,2443.400,16.600,blur,3,,,0.774549,0.910085,-0.045464,0.045464,0.049031,-0.049031
208,hinh-nen-laptop-full-hd_061018311.jpg,2460.000,14.500,whirlpool,3,,,0.801771,0.732148,0.000000,0.000000,0.000000,0.000000
209,hinh-nen-ashe-dep-20.jpg,2474.500,7.600,gradient-wipe,3,,,0.734446,0.825956,0.000000,0.000000,0.000000,0.000000
210,hinh-anh-miss-fortune-24.jpg,2482.100,15.600,flip-ii,3,,,0.840927,0.840927,-0.079132,0.079132,0.000000,0.000000
211,hinh-nen-truy-kich-CrossFire-10.jpg,2497.700,7.800,whirlpool,3,,,0.745567,0.831263,-0.139654,0.139654,-0.139654,0.139654
212,hinh-nen-ahri-dep-36.jpg,2505.500,12.800,blur,3,,,0.855965,0.766010,0.072869,-0.072869,-0.072869,0.072869
213,anh-nen-game_061013217.jpg,2518.300,12.400,glitch,3,,,0.792676,0.911815,0.047028,-0.047028,0.047028,-0.047028
214,top-khach-san-tot-nhat-sapa.jpg,2530.700,11.400,dissolve,3,,,0.878130,0.878130,0.000000,0.000000,-0.072116,0.072116
215,hinh-nen-thien-nhien-sa-mac_105624276.jpeg,2542.100,9.900,dissolve,3,,,0.730296,0.825951,-0.093898,0.093898,0.093898,-0.093898
216,hinh-anh-lien-quan-9.jpg,2552.000,13.100,dissolve,3,,,0.912076,0.787889,0.000000,0.000000,0.000000,0.000000
217,hinh-nen-truy-kich-CrossFire-13.jpg,2565.100,7.600,gradient-wipe,3,,,0.751904,0.854567,0.000000,0.000000,0.000000,0.000000
218,hinh-nen-hacker-lam-viec_013826813.jpg,2572.700,11.200,whirlpool,3,,,0.829877,0.829877,-0.140025,0.140025,0.000000,0.000000
219,hinh-nen-cf-dep-18.jpg,2583.900,11.900,gradient-wipe,3,,,0.773146,0.837025,-0.119943,0.119943,-0.119943,0.119943
220,db501f060e705316d892f258a79876b3.jpg,2595.800,15.500,whirlpool,3,,,0.907029,0.786632,0.043338,-0.043338,-0.043338,0.043338
221,hinh-nen-cf-dep-21.jpg,2611.300,14.500,black-fade,3,,,0.796181,0.873572,0.107319,-0.107319,0.107681,-0.107681
222,hinh-anh-xin-zhao-18.jpg,2625.800,11.500,glitch,3,,,0.861108,0.861108,0.000000,0.000000,-0.105060,0.105060
223,hinh-anh-miss-fortune-17.jpg,2637.300,7.700,blur,3,,,0.778276,0.912519,-0.058340,0.058340,0.058340,-0.058340
224,hinh-anh-lien-quan-28.jpg,2645.000,12.000,black-fade,3,,,0.825161,0.738845,0.000000,0.000000,0.000000,0.000000
225,hinh-anh-lien-quan-3.jpg,2657.000,11.600,dissolve-ii,3,,,0.785521,0.893257,0.000000,0.000000,0.000000,0.000000
226,hinh-nen-games-5.jpg,2668.600,12.100,page-turning,3,,,0.880698,0.880698,-0.081994,0.081994,0.000000,0.000000
227,len-tay-bac-ngam-hoa-dao-hoa-man-djp-tet-nguyen-dan.jpg,2680.700,9.000,blur,3,,,0.790661,0.886679,-0.095983,0.095983,-0.095983,0.095983
228,36e102f9b8e480f7b844a9bc54dfd29b.jpg,2689.700,10.700,glitch,3,,,0.878786,0.805203,0.093594,-0.093594,-0.093594,0.093594
229,hinh-nen-ashe-dep-14.jpg,2700.400,9.900,split,3,,,0.783686,0.899079,0.049545,-0.049545,0.049545,-0.049545
230,hinh-nen-games-9.jpg,2710.300,9.000,whirlpool,3,,,0.726850,0.726850,0.000000,0.000000,-0.177136,0.177136
231,hinh-nen-dragon-ball-day-mau-sac_111005303.jpg,2719.300,10.000,flip-ii,3,,,0.757706,0.873491,-0.102083,0.102083,0.102083,-0.102083
232,hinh-nen-ahri-dep-7.jpg,2729.300,10.300,whirlpool,3,,,0.892975,0.764936,0.000000,0.000000,0.000000,0.000000
233,5.jpg,2739.600,11.000,dissolve-ii,3,,,0.843407,0.907258,0.000000,0.000000,0.000000,0.000000
234,hinh-nen-dragon-ball-cuoi-can-dau-van_111004803.jpg,2750.600,10.900,dissolve,3,,,0.827317,0.827317,-0.121308,0.121308,0.000000,0.000000
235,hinh-nen-ashe-dep-1.jpg,2761.500,14.700,page-turning,3,,,0.767687,0.829088,-0.090271,0.090271,-0.090271,0.090271
236,hinh-nen-ahri-dep-29.jpg,2776.200,8.700,gradient-wipe,3,,,0.800656,0.734058,0.137667,-0.137667,-0.137667,0.137667
237,hinh-anh-xin-zhao-3.jpg,2784.900,15.600,page-turning,3,,,0.795525,0.909085,0.073926,-0.073926,0.079657,-0.079657
238,hinh-anh-lien-quan-5.jpg,2800.500,8.900,flip-ii,3,,,0.824656,0.824656,0.000000,0.000000,-0.107639,0.107639
239,10.jpg,2809.400,14.800,split,3,,,0.807847,0.871861,-0.075387,0.075387,0.075387,-0.075387
240,hinh-nen-game-dua-xe_061016577.jpg,2824.200,7.700,glitch,3,,,0.889596,0.775030,0.000000,0.000000,0.000000,0.000000
241,15.jpeg,2831.900,7.800,dissolve-ii,3,,,0.750452,0.883732,0.000000,0.000000,0.000000,0.000000
242,hinh-nen-ahri-dep-21.jpg,2839.700,8.900,dissolve-ii,3,,,0.823687,0.823687,-0.088552,0.088552,0.000000,0.000000
243,c1ed8d96638b175a77accb483041e7d8.jpg,2848.600,9.700,shutter,3,,,0.751737,0.863937,-0.107953,0.107953,-0.107953,0.107953
244,hinh-anh-xin-zhao-9.jpg,2858.300,7.600,blur,3,,,0.856858,0.760086,0.088153,-0.088153,-0.088153,0.088153
245,hinh-anh-nen-hd-tuong-lol-cao-chin-duoi-cuc-dep_034645662.jpg,2865.900,13.700,flip-ii,3,,,0.770183,0.906832,0.075043,-0.075043,0.075043,-0.075043
246,18.jpg,2879.600,15.600,black-fade,3,,,0.791392,0.791392,0.000000,0.000000,-0.132989,0.132989
247,hinh-anh-lien-quan-70.jpg,2895.200,10.400,page-turning,3,,,0.831353,0.897417,-0.060188,0.060188,0.064270,-0.064270
248,hinh-nen-anime-cho-may-tinh_092518501.jpg,2905.600,7.700,page-turning,3,,,0.914982,0.815742,0.000000,0.000000,0.000000,0.000000
249,hinh-anh-xin-zhao-24.jpg,2913.300,7.800,dissolve,3,,,0.721141,0.838344,0.000000,0.000000,0.000000,0.000000
250,hinh-nen-hacker-anonymous_013826563.jpg,2921.100,10.200,page-turning,3,,,0.741959,0.741959,-0.201090,0.201090,0.000000,0.000000
251,hinh-nen-cf-dep-16.jpg,2931.300,11.600,split,3,,,0.729615,0.867331,-0.090813,0.090813,-0.090813,0.090813
252,hinh-nen-lol-chien-thang-vinh-danh_034655787.jpg,2942.900,11.800,gradient-wipe,3,,,0.905244,0.767899,0.076505,-0.076505,-0.076505,0.076505
253,hinh-nen-game-dep-nhat_061015827.jpg,2954.700,9.800,dissolve,3,,,0.756597,0.832812,0.096428,-0.096428,0.096428,-0.096428
254,hinh-nen-cf-dep-2.jpg,2964.500,12.200,gradient-wipe,3,,,0.850321,0.850321,0.000000,0.000000,-0.105433,0.105433
255,hinh-nen-dragon-ball-rat-dep-songoku-toc-xanh_111009616.jpg,2976.700,15.200,blur,3,,,0.809677,0.906938,-0.042346,0.042346,0.042346,-0.042346
256,hinh-nen-truy-kich-CrossFire-3.jpg,2991.900,13.700,whirlpool,3,,,0.821250,0.746080,0.000000,0.000000,0.000000,0.000000
257,hinh-nen-ashe-dep-7.jpg,3005.600,12.700,black-fade,3,,,0.811068,0.882709,0.000000,0.000000,0.000000,0.000000
258,hinh-anh-miss-fortune-48.jpg,3018.300,11.500,dissolve,3,,,0.816700,0.816700,-0.137439,0.137439,0.000000,0.000000
259,20.jpg,3029.800,10.900,dissolve-ii,3,,,0.842479,0.910494,-0.070158,0.070158,-0.070158,0.070158
260,hinh-nen-games-4.jpg,3040.700,13.900,shutter,3,,,0.873613,0.777049,0.089156,-0.089156,-0.089156,0.089156
261,hinh-nen-cf-dep-22.jpg,3054.600,16.900,whirlpool,3,,,0.728403,0.845042,0.074821,-0.074821,0.074821,-0.074821
262,anh-nen-3d-phi-hanh-gia-vu-tru-cho-may-tinh-1536x922.jpg,3071.500,11.100,dissolve-ii,3,,,0.890055,0.890055,0.000000,0.000000,-0.087421,0.087421
263,hinh-anh-xin-zhao-10.jpg,3082.600,16.900,blur,3,,,0.730355,0.839114,-0.119650,0.119650,0.119650,-0.119650
264,hinh-nen-game-buon_061015389.jpg,3099.500,13.900,black-fade,3,,,0.803195,0.732892,0.000000,0.000000,0.000000,0.000000
265,hinh-nen-game-dep-cho-may-tinh_061015717.jpg,3113.400,9.300,gradient-wipe,3,,,0.802784,0.917620,0.000000,0.000000,0.000000,0.000000
266,hinh-nen-game-dep-mat_061015780.jpg,3122.700,12.100,gradient-wipe,3,,,0.734429,0.734429,-0.126460,0.126460,0.000000,0.000000
267,phong-canh-thien-nhien-tuyet-dep-voi-cay-phong-la-do_085327165.jpg,3134.800,15.000,dissolve-ii,3,,,0.813203,0.889016,-0.089328,0.089328,-0.089328,0.089328
268,hinh-nen-pubg-dep-33.jpg,3149.800,12.000,black-fade,3,,,0.857694,0.784361,0.069298,-0.069298,-0.069298,0.069298
269,23.jpg,3161.800,10.300,dissolve-ii,3,,,0.745919,0.847196,0.077604,-0.077604,0.077604,-0.077604
270,hinh-nen-ashe-dep-6.jpg,3172.100,12.500,whirlpool,3,,,0.754310,0.754310,0.000000,0.000000,-0.184214,0.184214
271,hinh-nen-truy-kich-CrossFire-15.jpg,3184.600,10.500,blur,3,,,0.788236,0.917344,-0.054183,0.054183,0.054183,-0.054183
272,hinh-nen-ahri-dep-26.jpg,3195.100,15.000,flip-ii,3,,,0.907378,0.789998,0.000000,0.000000,0.000000,0.000000
273,hinh_nen_phong_canh (277).jpg,3210.100,8.200,page-turning,3,,,0.807329,0.900829,0.000000,0.000000,0.000000,0.000000
274,hinh-nen-cf-dep-11.jpg,3218.300,9.300,blur,3,,,0.791841,0.791841,-0.147838,0.147838,0.000000,0.000000
275,4.jpg,3227.600,11.900,gradient-wipe,3,,,0.777161,0.884165,-0.097947,0.097947,-0.097947,0.097947
276,25.jpg,3239.500,14.500,page-turning,3,,,0.850150,0.748633,0.117555,-0.117555,-0.122725,0.122725
277,hinh-anh-lien-quan-16.jpg,3254.000,9.200,split,3,,,0.728878,0.829160,0.139921,-0.139921,0.145185,-0.145185
278,hinh-anh-miss-fortune-8.jpg,3263.200,14.400,split,3,,,0.743938,0.743938,0.000000,0.000000,-0.194932,0.194932
279,hinh-anh-nen-hd-tuong-lol-cam-dao-cuc-dep_034644349.jpg,3277.600,9.800,glitch,3,,,0.753397,0.870667,-0.105683,0.105683,0.105683,-0.105683
280,5.png,3287.400,7.500,blur,3,,,0.903198,0.805243,0.000000,0.000000,0.000000,0.000000
281,hinh-anh-miss-fortune-40.jpg,3294.900,10.900,dissolve-ii,3,,,0.791090,0.880521,0.000000,0.000000,0.000000,0.000000
282,33.jpg,3305.800,7.700,blur,3,,,0.898830,0.898830,-0.084906,0.084906,0.000000,0.000000
283,hinh-nen-anime-attack-on-titan-cuc-dep_011945276.jpg,3313.500,13.800,dissolve,3,,,0.738467,0.829386,-0.105294,0.105294,-0.105294,0.105294
284,8.jpg,3327.300,7.800,whirlpool,3,,,0.919794,0.794390,0.064849,-0.064849,-0.064849,0.064849
285,hinh-nen-4k-khi-cau-scaled.jpg,3335.100,17.000,dissolve-ii,3,,,0.773898,0.905824,0.059150,-0.059150,0.059150,-0.059150
286,43.jpg,3352.100,15.800,dissolve,3,,,0.776296,0.776296,0.000000,0.000000,-0.163014,0.163014
287,hinh-nen-ahri-dep-17.jpg,3367.900,15.800,gradient-wipe,3,,,0.774985,0.884132,-0.074114,0.074114,0.074114,-0.074114
288,hinh-nen-cf-dep-19.jpg,3383.700,10.000,blur,3,,,0.807688,0.728473,0.000000,0.000000,0.000000,0.000000
289,hinh-nen-game-cao-boi_061015483.jpg,3393.700,13.500,gradient-wipe,3,,,0.778065,0.896093,0.000000,0.000000,0.000000,0.000000
290,hinh-nen-games-11.jpg,3407.200,11.700,flip-ii,3,,,0.897058,0.897058,-0.074537,0.074537,0.000000,0.000000
291,hinh-nen-game-mo-phong_061017671.jpg,3418.900,13.400,glitch,3,,,0.791990,0.916567,-0.047928,0.047928,-0.047928,0.047928
292,hinh-anh-xin-zhao-25.jpg,3432.300,11.500,dissolve,3,,,0.885113,0.765270,0.084051,-0.084051,-0.084051,0.084051
293,37.png,3443.800,12.400,blur,3,,,0.806971,0.883349,0.097373,-0.097373,0.097373,-0.097373
294,hinh-anh-lien-quan-30.jpg,3456.200,11.600,shutter,3,,,0.853706,0.853706,0.000000,0.000000,-0.081828,0.081828
295,hinh-nen-game-doc-dao_061016108.jpg,3467.800,10.300,split,3,,,0.793730,0.911736,-0.058496,0.058496,0.058496,-0.058496
296,hinh-nen-anime-dep_092518782.jpg,3478.100,16.900,dissolve-ii,3,,,0.905346,0.832048,0.000000,0.000000,0.000000,0.000000
297,0106_hinh-nen-4k-may-tinh12-scaled.jpg,3495.000,13.500,dissolve-ii,3,,,0.755440,0.849993,0.000000,0.000000,0.000000,0.000000
298,hinh-anh-xin-zhao-4.jpg,3508.500,16.300,black-fade,3,,,0.792088,0.792088,-0.170217,0.170217,0.000000,0.000000
299,hinh-nen-games-2.jpg,3524.800,12.800,split,3,,,0.819166,0.886925,-0.054324,0.054324,-0.054324,0.054324
300,hinh-anh-xin-zhao-23.jpg,3537.600,7.700,,3,,fade-out,0.900614,0.764997,0.064367,-0.064367,-0.064367,0.064367
